# Official Yarn release checksums, one row per release:
#
#     <version><TAB><sha256 hex>
#
# A row means the committed `.yarn/releases/yarn-<version>.cjs` (or `.js`) is
# byte-identical to `package/bin/yarn.js` inside the published
# @yarnpkg/cli-dist@<version> tarball. scanner.sh hashes each committed release
# and looks the digest up here: a match is informational, anything else fails the
# gate.
#
# scripts/update-yarn-releases.sh fills this file from the npm registry.
# Lines beginning with # are comments; blank lines are ignored.
2.4.1	8feb0398db243b0f9deaece6d71b5d18e0dc8795758d41cbe9d1efc70038865e
2.4.2	3ceae9c55cc9f52b474922a5c9bdfb32ada8fa003a3e071064e157fc156cfad0
3.0.0	3320c1b28fba87d16bde7b3d08120e8bb8e39a8e2a9063b851415a55950b951e
3.0.1	3f9a75544c9e625b0c2029cdd6dfde2029d8851ffd03219b9d4a313333dd2485
3.0.2	57ec2d26a54c312a1848599265be6aba0e2e5f734eaba3fcd4c491429fefa21f
3.1.0	5e197ae1126626b08b6e8644f64da4514a5546495b0a6c6267f3393e630c530d
3.1.1	a7a11cf8a82d868d8cd02ec50bfba4f310964809fe6cd5709eb42e8244bad2b3
3.2.0	99a7f42f678b8ccd9c8e97a9e65fe7a5043033dd0e074e6d1f13fbe2d5ff2734
3.2.1	f1c9f039ab3b236c7abb7bafa0a0f266aa6bc5a3dbe7c684b561f03c0005d043
3.2.2	4bdff735211590c3591b58db2f00eb3391cc7192e5c99cd154fe59060301f5db
3.2.3	311cd84f5f144680cc21b4bbbdeba97d1a5f32ee8a2eae7037ccbdeff8a3c1ce
3.2.4	ca1a380d840c676152fbf8635a82d838113fe77e1665466699a4e106df4930d2
3.3.0	bbfc6cc3362afbcb0ce39ee8f36fb2b62ce9834b20d6aeee5c1f481269b52238
3.3.1	1d2760eb5c0e525abe9c5306fac5fe0b5628c0955072a0da2f4043524497526a
3.4.0	c750c411616acbe05ccf22c0453a06028f40f769a84d92e644c6b2f22d8b0406
3.4.1	b51208ae422260539b3503fe5b596f4f236947d69ed1f8797f9830331a38c841
3.5.0	e4fc5f94867cd0b492fb0a644f14e7b47c4387bc75d46b56e86db6d0f1a6cb97
3.5.1	64c0b63e5fa0e21f354b5eff7c9a1b486f32046bfc3283670569e3c6a9cad102
3.6.0	6da0a4bdb4de78399dd577ff72273ca46152c61399574ffc8e9a5a3c36eab270
3.6.1	811210abb5fb5751da12ead8a9cbc0c150b07e43ac9cbedec6752d22abfd2bd6
3.6.2	506981787ad29ec22e9c904a0d630c3b03b2e5c078b074990404aabbf2fb007b
3.6.3	08ead1821a257416e6f217e89365425bf4b6d2430c3279318bedcec1a245fff5
3.6.4	7f7d51b38db0d94adf25c512e3f3d3b47d23c97922eecc540f7440f116bdb99a
3.7.0	7bf0c78a106332886ea4e59641fd819b1af953edcd72c4d93a32b1c71000ee67
3.8.0	a1a53a88823c9f5bcd36e465791b7e490837ebf94dc6ef96282ab558a00c0811
3.8.1	860bab3ca20acc0476b3229f4841674e62e15453bd8f5dc8d0fea399edd235b6
3.8.2	3f5aa2dfdb5c56e4f21f0f2f66804de4446a429cab39a9d4d40f5d8be8b33f79
3.8.3	80da90fb3e01be3a5d851ed5290f86800870a208614a2e4211a3bfb5cdb62d61
3.8.4	1ee0e26fb669143425371ab8727fe4c5841640a2fd944863a8e8c28be966aca2
3.8.5	6fd0fd785cdf2b18a9a9e2589726a11530ff018d193f8eda64be485a080f75b9
3.8.6	c1aaceda3fc48bd03adc661df752171f9299e01ff0d90a3c6b9507063d378c4a
3.8.7	81bf69deb72c6cfebaca4389444e034c914cc1a90ea40e4ac55a5e2a1d7063d2
4.0.0	6d855253732ba8d231b6cd917961654f6c8439164c962a4e355c9c58360ebe44
4.0.1	5a9d054e67fbbae8774cd3667736fd74407ffbbb336898523ca1fe87b3fc4ee3
4.0.2	825003a0f561ad09a3b1ac4a3b3ea6207af2796d54f62a9420520915721f5186
4.1.0	81a00df816059803e6b5148acf03ce313cad36b7f6e5af6efa040a15981a6ffb
4.1.1	f3cc0eda8e5560e529c7147565b30faa43b4e472d90e8634d7134a37c7f59781
4.2.0	3b1c51d5766457aa7999f259709c42b30490934a3615d179d31714fb5c54b392
4.2.1	15ce76682a8cd2090257b883cd69c637925b29573f9573e8403ec227d5ab6815
4.2.2	1aa43a5304405be7a7cb9cb5de7b97de9c4e8ddd3273e4dad00d6ae3eb39f0ef
4.3.0	d7f2fd514a5862009753c52798cc48ae602d181c09341cf2ff8b9c935dc3db1a
4.3.1	2535167e742927e1d2a1610d5004576e4e8f764d2ca5470d19536790f55cd6e2
4.4.0	5f228cb28f2edb97d8c3b667fb7b2fdcf06c46798e25ea889dad9e0b4bc2e2c1
4.4.1	920b4530755296dc2ce8b4351f057d4a26429524fcb2789d277560d94837c27e
4.5.0	cc00dce5de4f68d11450519a0f69eadf2a1cbe5cc0d8e740bfac817a31d76874
4.5.1	dc2e45a77f87a9c2a76708d098ab54ca0cfdd5ec2cf7d9e3c1f24bf786a2383c
4.5.2	39e9d353df232402a3cfd07406ce282ea58e1e6c521933216a79fbd19186c687
4.5.3	dddc0b96ad2dca8d56a5302b56bf3cbf8210654474a6bf88877da61e866f3d46
4.6.0	eaf1eeabc164a44ca0b65dbdccd54af7e55f3ff9294b3ff318d5aaec92f2b20b
4.7.0	293632d8a095d8ea4786eb2c5798c83c37544abed17ed31186a3ec4549a07c06
4.8.0	31aef80b650f9dfdc06153df8d0610e46fec2ff680811cdd7f8f6fd47424df33
4.8.1	8c8cf7bef23cced7c138d0da3ea72d43d2626727f1ae309edb853c41ab18ef1c
4.9.0	aef91daefd2885e10276bbaa4007a1d24eccb6b6cf133dd79ac6a9d7582fcb32
4.9.1	69d58c070455f205aaac0c9136fc295a493a399a5ab516624ad2051536d539f1
4.9.2	ca4310f8ba997b4643a000ce512d9772e01c1485df35511114b325315960acb7
4.9.3	a64183b9bc923922c8ac744fb557234e05a6b94906020be7d2139c187840537c
4.9.4	516deeeced90791213ddcffc8d6712fcea7adff3e8d9879804284ba713462ce2
4.10.1	765b429e769a3d448960ddb292706490888da6110fc53cdba1870783f4f65d8b
4.10.2	14d15aba29ec813184b7ae1fe225ff8e0b6aeceba332029de43346a0bc564b91
4.10.3	cd71753d68307301d21034efaf20bd8eee81f9450af75f068477bf9011bb9ad4
4.11.0	b0efc6597348fab50c777d2ff4b09e814974058cf012c3d687c9e80bca824358
4.12.0	1fe4e1193cbcd13a48d8f436bb17d3c672b049a5e32a758aab9866a073db1702
4.13.0	730e0619753d39754c9e7613c7e57f084ea18b3244f5ba9a5a60bd3da048450b
4.14.0	a43886e6c089effa3331ef81043ac6ad3b4d976a2423c6c9221d87de3af64dcb
4.14.1	5c7a0c5ea1c5b690df603c8e16b3742f87169b814d56bb5e63881145e8a84033
4.15.0	31cb07af197fac43b14bf97a8a03a7010dda364ec8d8b78b0d3d437fdf41a072
4.16.0	ba05224324578801b9cc98170d64aa50b9a36733b440fb0942306da3fbbdc7d1
4.17.0	ea2af31ee4a6535e8559e3e1a6e34cb716112c9bed86edea71c3a5b36d472265
4.17.1	471ffb15e0523663865bbf46a69e7d157ecf532412eb436c48dfab6e3f2abe88
4.18.0	fb8b1d20be72a0b544a35bcec4c7ed0ff55a9b173c01f191b02ba164b2051db5
4.18.1	a28ad591febb769f939c11f82f89bacad0b0fac0c884d3b78fa2aaaee970907e
